poisoning_rate,accuracy_before,precision_before,recall_before,f1_score_before,accuracy_after,precision_after,recall_after,f1_score_after
0.0,0.8656856019350184,0.8705995440351113,0.8656856019350184,0.8280171200255187,0.8674395660353339,0.8716166758724531,0.8674395660353339,0.8285460244886064
0.2,0.8520676266319646,0.8718751409278657,0.8520676266319646,0.7964234632771429,0.8521065250293506,0.871775948848872,0.8521065250293506,0.7964639920288274
0.4,0.8391409819369987,0.8644596889897217,0.8391409819369987,0.7799784777912191,0.8467792126964369,0.8700032146420464,0.8467792126964369,0.7900076160741593
0.6,0.8030114432012674,0.8418159347109149,0.8030114432012674,0.7152781867732174,0.8030114432012674,0.8418159347109149,0.8030114432012674,0.7152781867732174
0.8,0.8030114432012674,0.8418159347109149,0.8030114432012674,0.7152781867732174,0.8030114432012674,0.8418159347109149,0.8030114432012674,0.7152781867732174
1.0,0.8224146710610069,0.854412984427409,0.8224146710610069,0.7544157392457211,0.8437380652644384,0.8688659386061639,0.8437380652644384,0.7861342723343232
