poisoning_rate,accuracy_before,precision_before,recall_before,f1_score_before,accuracy_after,precision_after,recall_after,f1_score_after
0.0,0.8420512893050625,0.8664965148106141,0.8420512893050625,0.7838966013776946,0.8475660211890179,0.870539518539936,0.8475660211890179,0.7909926279531476
0.2,0.8515035998698672,0.8701546509554586,0.8515035998698672,0.7958884508565797,0.8515106723057555,0.8702168789558905,0.8515106723057555,0.7958962429749562
0.4,0.8030114432012674,0.8418159347109149,0.8030114432012674,0.7152781867732174,0.8030114432012674,0.8418159347109149,0.8030114432012674,0.7152781867732174
0.6,0.00816335912414954,0.918695762117766,0.00816335912414954,0.01385526003644843,0.15998557223078771,0.860658891770453,0.15998557223078771,0.25554063354856205
0.8,0.0006895624991159455,0.9973571847238055,0.0006895624991159455,1.0145272991027892e-06,0.0006895624991159455,0.9973571861565544,0.0006895624991159455,1.01738857673926e-06
1.0,0.0006895624991159455,0.9973571526151123,0.0006895624991159455,9.504013749283257e-07,0.0006895624991159455,0.9973571547172209,0.0006895624991159455,9.545997868632405e-07
